Workbook

Sheet Instructions
A1: Portfolio Project Workbook — Phases 1 through 6 (9 of 10 stocks REAL)
A3: STATUS
A4: 9 of 10 stocks are REAL, verified data: HDFC Bank, ICICI Bank, Infosys, TCS, HUL, ITC, Maruti Suzuki, Sun Pharma, Reliance.
A5: Nifty 50 benchmark: REAL, from Kaggle NSE dataset, through Feb 2026.
A6: TCS has a few ORANGE cells from a low-res screenshot — re-verify before final submission.
A7: Tata Motors is the ONLY remaining gap (yellow). Real reason: Tata Motors demerged in Oct-Nov 2025 into TMPV (Passenger Vehicles, stays in Nifty 50) and TMCV (Commercial Vehicles, new listing). Search 'TMPV.NS' on Yahoo Finance for the continuous historical series.
A9: WHAT'S DONE
A10: Phases 1, 2, 3 fully built for all 10 stocks — will auto-complete the instant TMPV data is pasted in.
A11: Phases 4, 5, 6 have been run as a REAL 9-STOCK analysis (real Minimum-Variance Optimization, mathematically identical to Solver), 26 real rebalancing months, backtested against naive equal-weight and the real Nifty 50 benchmark.
A13: LAST STEP REMAINING
A14: 1. Get TMPV.NS monthly Adj Close (Jun 2023 - Feb 2026) from Yahoo Finance, paste into 'Raw Prices'.
A15: 2. Re-run Solver on 'Optimization' tab for the full 10-stock set; update 'Rebalancing Weights' with final weights.
... A27: Blue = 9-stock demo result (real computation, 1 stock pending)

Sheet Raw Prices
A1: Date | B1: HDFC Bank (HDFCBANK.NS) | C1: ICICI Bank (ICICIBANK.NS) | D1: Infosys (INFY.NS) | E1: TCS (TCS.NS) | F1: Hindustan Unilever (HINDUNILVR.NS) | G1: ITC (ITC.NS) | H1: Maruti Suzuki (MARUTI.NS) | I1: Tata Motors (TMPV) (TMPV.NS) | J1: Sun Pharma (SUNPHARMA.NS) | K1: Reliance Industries (RELIANCE.NS) | L1: Nifty 50 (Benchmark) (^NSEI)
A2: 45107 | B2: 814.57 | C2: 904.4 | D2: 1214.99 | E2: 3002.28 | F2: 2529.81 | G2: 387.63 | H2: 9409.68 | J2: 1019.74 | K2: 1158.82 | L2: 19189.051
A3: 45138 | B3: 790.54 | C3: 966.04 | D3: 1233.37 | E3: 3078.54 | F3: 2418.96 | G3: 399.74 | H3: 9440.15 | J3: 1112.68 | K3: 1255 | L3: 19753.801
A4: 45169 | B4: 752.36 | C4: 935.4 | D4: 1305.93 | E4: 3216.3 | F4: 2366.3 | G4: 377.42 | H4: 9706.6 | J4: 1081.73 | K4: 1189.16 | L4: 19253.801
A5: 45199 | B5: 730.74 | C5: 928.72 | D5: 1305.93 | E5: 3078.7 | F5: 2329.03 | G5: 381.45 | H5: 10295.37 | J5: 1127.52 | K5: 1158.53 | L5: 19638.301
A6: 45230 | B6: 706.9 | C6: 893.06 | D6: 1261.04 | E6: 3078.87 | F6: 2346.41 | G6: 367.72 | H6: 10083.56 | J6: 1059.35 | K6: 1130.32 | L6: 19079.6
A7: 45260 | B7: 746.3 | C7: 912.18 | D7: 1340.98 | E7: 3466.01 | F7: 2422.19 | G7: 374.07 | H7: 10293.53 | J7: 1192.91 | K7: 1174.56 | L7: 20133.15
A8: 45291 | B8: 818.33 | C8: 972.33 | D8: 1421.85 | E8: 3793.9 | F8: 2534.85 | G8: 396.65 | H8: 9996.28 | J8: 1225.61 | K8: 1277.07 | L8: 21731.4
A9: 45322 | B9: 700.22 | C9: 1003.11 | D9: 1530.59 | E9: 3918.87 | F9: 2361.29 | G9: 379.01 | H9: 9884.26 | J9: 1380.34 | K9: 1409.63 | L9: 21725.699
A10: 45351 | B10: 671.9 | C10: 1026.58 | D10: 1542.57 | E10: 4008.72 | F10: 2295.4 | G10: 354.07 | H10: 10952.98 | J10: 1544.3 | K10: 1443.39 | L10: 21982.801
A11: 45382 | B11: 693.21 | C11: 1066.68 | D11: 1380.52 | E11: 3806.35 | F11: 2154.81 | G11: 373.29 | H11: 12226.01 | J11: 1586 | K11: 1468.15 | L11: 22326.9
A12: 45412 | B12: 727.77 | C12: 1122.39 | D12: 1309.1 | E12: 3839.11 | F12: 2122.36 | G12: 379.65 | H12: 12436.71 | J12: 1470.07 | K12: 1449.52 | L12: 22604.85
A13: 45443 | B13: 743.27 | C13: 1093.75 | D13: 1322.46 | E13: 3670.36 | F13: 2216.18 | G13: 371.63 | H13: 12030.93 | J13: 1428.67 | K13: 1413.36 | L13: 22530.699
... A34: 46081 | B34: 873.31 | C34: 1367.37 | D34: 1272.56 | E34: 2587.93 | F34: 2314.56 | G34: 305.28 | H34: 14709.27 | J34: 1732.46 | K34: 1387.48 | L34: 25178.65

Sheet Monthly Returns
A1: Date | B1: HDFC Bank (HDFCBANK.NS) | C1: ICICI Bank (ICICIBANK.NS) | D1: Infosys (INFY.NS) | E1: TCS (TCS.NS) | F1: Hindustan Unilever (HINDUNILVR.NS) | G1: ITC (ITC.NS) | H1: Maruti Suzuki (MARUTI.NS) | I1: Tata Motors (TMPV) (TMPV.NS) | J1: Sun Pharma (SUNPHARMA.NS) | K1: Reliance Industries (RELIANCE.NS) | L1: Nifty 50 (Benchmark) (^NSEI)
A2: ='Raw Prices'!A3 -> 45138 | B2: =IFERROR(('Raw Prices'!B3/'Raw Prices'!B2)-1,"") -> -0.029500227 | C2: =IFERROR(('Raw Prices'!C3/'Raw Prices'!C2)-1,"") -> 0.068155683 | D2: =IFERROR(('Raw Prices'!D3/'Raw Prices'!D2)-1,"") -> 0.015127697 | E2: =IFERROR(('Raw Prices'!E3/'Raw Prices'!E2)-1,"") -> 0.025400695 | F2: =IFERROR(('Raw Prices'!F3/'Raw Prices'!F2)-1,"") -> -0.04381752 | G2: =IFERROR(('Raw Prices'!G3/'Raw Prices'!G2)-1,"") -> 0.031241132 | H2: =IFERROR(('Raw Prices'!H3/'Raw Prices'!H2)-1,"") -> 0.0032381548 | I2: =IFERROR(('Raw Prices'!I3/'Raw Prices'!I2)-1,"") | ... L2: =IFERROR(('Raw Prices'!L3/'Raw Prices'!L2)-1,"") -> 0.029430846
A3: ='Raw Prices'!A4 -> 45169 | B3: =IFERROR(('Raw Prices'!B4/'Raw Prices'!B3)-1,"") -> -0.048296101 | C3: =IFERROR(('Raw Prices'!C4/'Raw Prices'!C3)-1,"") -> -0.031717113 | D3: =IFERROR(('Raw Prices'!D4/'Raw Prices'!D3)-1,"") -> 0.058830683 | E3: =IFERROR(('Raw Prices'!E4/'Raw Prices'!E3)-1,"") -> 0.044748485 | F3: =IFERROR(('Raw Prices'!F4/'Raw Prices'!F3)-1,"") -> -0.021769686 | G3: =IFERROR(('Raw Prices'!G4/'Raw Prices'!G3)-1,"") -> -0.055836294 | H3: =IFERROR(('Raw Prices'!H4/'Raw Prices'!H3)-1,"") -> 0.028225187 | I3: =IFERROR(('Raw Prices'!I4/'Raw Prices'!I3)-1,"") | ... L3: =IFERROR(('Raw Prices'!L4/'Raw Prices'!L3)-1,"") -> -0.025311585
A4: ='Raw Prices'!A5 -> 45199 | B4: =IFERROR(('Raw Prices'!B5/'Raw Prices'!B4)-1,"") -> -0.028736243 | C4: =IFERROR(('Raw Prices'!C5/'Raw Prices'!C4)-1,"") -> -0.0071413299 | D4: =IFERROR(('Raw Prices'!D5/'Raw Prices'!D4)-1,"") -> 0 | E4: =IFERROR(('Raw Prices'!E5/'Raw Prices'!E4)-1,"") -> -0.042782079 | F4: =IFERROR(('Raw Prices'!F5/'Raw Prices'!F4)-1,"") -> -0.015750328 | G4: =IFERROR(('Raw Prices'!G5/'Raw Prices'!G4)-1,"") -> 0.01067776 | H4: =IFERROR(('Raw Prices'!H5/'Raw Prices'!H4)-1,"") -> 0.060656667 | I4: =IFERROR(('Raw Prices'!I5/'Raw Prices'!I4)-1,"") | ... L4: =IFERROR(('Raw Prices'!L5/'Raw Prices'!L4)-1,"") -> 0.019970083
A5: ='Raw Prices'!A6 -> 45230 | B5: =IFERROR(('Raw Prices'!B6/'Raw Prices'!B5)-1,"") -> -0.032624463 | C5: =IFERROR(('Raw Prices'!C6/'Raw Prices'!C5)-1,"") -> -0.038396933 | D5: =IFERROR(('Raw Prices'!D6/'Raw Prices'!D5)-1,"") -> -0.034373971 | E5: =IFERROR(('Raw Prices'!E6/'Raw Prices'!E5)-1,"") -> 5.5218112e-05 | F5: =IFERROR(('Raw Prices'!F6/'Raw Prices'!F5)-1,"") -> 0.0074623341 | G5: =IFERROR(('Raw Prices'!G6/'Raw Prices'!G5)-1,"") -> -0.035994233 | H5: =IFERROR(('Raw Prices'!H6/'Raw Prices'!H5)-1,"") -> -0.020573326 | I5: =IFERROR(('Raw Prices'!I6/'Raw Prices'!I5)-1,"") | ... L5: =IFERROR(('Raw Prices'!L6/'Raw Prices'!L5)-1,"") -> -0.028449568
A6: ='Raw Prices'!A7 -> 45260 | B6: =IFERROR(('Raw Prices'!B7/'Raw Prices'!B6)-1,"") -> 0.055736313 | C6: =IFERROR(('Raw Prices'!C7/'Raw Prices'!C6)-1,"") -> 0.021409536 | D6: =IFERROR(('Raw Prices'!D7/'Raw Prices'!D6)-1,"") -> 0.063392121 | E6: =IFERROR(('Raw Prices'!E7/'Raw Prices'!E6)-1,"") -> 0.12574094 | F6: =IFERROR(('Raw Prices'!F7/'Raw Prices'!F6)-1,"") -> 0.032296146 | G6: =IFERROR(('Raw Prices'!G7/'Raw Prices'!G6)-1,"") -> 0.017268574 | H6: =IFERROR(('Raw Prices'!H7/'Raw Prices'!H6)-1,"") -> 0.020823003 | I6: =IFERROR(('Raw Prices'!I7/'Raw Prices'!I6)-1,"") | ... L6: =IFERROR(('Raw Prices'!L7/'Raw Prices'!L6)-1,"") -> 0.055218705
A7: ='Raw Prices'!A8 -> 45291 | B7: =IFERROR(('Raw Prices'!B8/'Raw Prices'!B7)-1,"") -> 0.096516146 | C7: =IFERROR(('Raw Prices'!C8/'Raw Prices'!C7)-1,"") -> 0.065940933 | D7: =IFERROR(('Raw Prices'!D8/'Raw Prices'!D7)-1,"") -> 0.060306641 | E7: =IFERROR(('Raw Prices'!E8/'Raw Prices'!E7)-1,"") -> 0.094601574 | F7: =IFERROR(('Raw Prices'!F8/'Raw Prices'!F7)-1,"") -> 0.046511628 | G7: =IFERROR(('Raw Prices'!G8/'Raw Prices'!G7)-1,"") -> 0.060363034 | H7: =IFERROR(('Raw Prices'!H8/'Raw Prices'!H7)-1,"") -> -0.028877363 | I7: =IFERROR(('Raw Prices'!I8/'Raw Prices'!I7)-1,"") | ... L7: =IFERROR(('Raw Prices'!L8/'Raw Prices'!L7)-1,"") -> 0.079383999
A8: ='Raw Prices'!A9 -> 45322 | B8: =IFERROR(('Raw Prices'!B9/'Raw Prices'!B8)-1,"") -> -0.14433053 | C8: =IFERROR(('Raw Prices'!C9/'Raw Prices'!C8)-1,"") -> 0.031655919 | D8: =IFERROR(('Raw Prices'!D9/'Raw Prices'!D8)-1,"") -> 0.076477828 | E8: =IFERROR(('Raw Prices'!E9/'Raw Prices'!E8)-1,"") -> 0.032939719 | F8: =IFERROR(('Raw Prices'!F9/'Raw Prices'!F8)-1,"") -> -0.068469535 | G8: =IFERROR(('Raw Prices'!G9/'Raw Prices'!G8)-1,"") -> -0.044472457 | H8: =IFERROR(('Raw Prices'!H9/'Raw Prices'!H8)-1,"") -> -0.011206169 | I8: =IFERROR(('Raw Prices'!I9/'Raw Prices'!I8)-1,"") | ... L8: =IFERROR(('Raw Prices'!L9/'Raw Prices'!L8)-1,"") -> -0.0002623472
A9: ='Raw Prices'!A10 -> 45351 | B9: =IFERROR(('Raw Prices'!B10/'Raw Prices'!B9)-1,"") -> -0.040444432 | C9: =IFERROR(('Raw Prices'!C10/'Raw Prices'!C9)-1,"") -> 0.023397235 | D9: =IFERROR(('Raw Prices'!D10/'Raw Prices'!D9)-1,"") -> 0.0078270471 | E9: =IFERROR(('Raw Prices'!E10/'Raw Prices'!E9)-1,"") -> 0.022927528 | F9: =IFERROR(('Raw Prices'!F10/'Raw Prices'!F9)-1,"") -> -0.027904239 | G9: =IFERROR(('Raw Prices'!G10/'Raw Prices'!G9)-1,"") -> -0.065803013 | H9: =IFERROR(('Raw Prices'!H10/'Raw Prices'!H9)-1,"") -> 0.10812342 | I9: =IFERROR(('Raw Prices'!I10/'Raw Prices'!I9)-1,"") | ... L9: =IFERROR(('Raw Prices'!L10/'Raw Prices'!L9)-1,"") -> 0.011833983
A10: ='Raw Prices'!A11 -> 45382 | B10: =IFERROR(('Raw Prices'!B11/'Raw Prices'!B10)-1,"") -> 0.031716029 | C10: =IFERROR(('Raw Prices'!C11/'Raw Prices'!C10)-1,"") -> 0.039061739 | D10: =IFERROR(('Raw Prices'!D11/'Raw Prices'!D10)-1,"") -> -0.10505196 | E10: =IFERROR(('Raw Prices'!E11/'Raw Prices'!E10)-1,"") -> -0.050482448 | F10: =IFERROR(('Raw Prices'!F11/'Raw Prices'!F10)-1,"") -> -0.061248584 | G10: =IFERROR(('Raw Prices'!G11/'Raw Prices'!G10)-1,"") -> 0.054283051 | H10: =IFERROR(('Raw Prices'!H11/'Raw Prices'!H10)-1,"") -> 0.11622682 | I10: =IFERROR(('Raw Prices'!I11/'Raw Prices'!I10)-1,"") | ... L10: =IFERROR(('Raw Prices'!L11/'Raw Prices'!L10)-1,"") -> 0.015653129
A11: ='Raw Prices'!A12 -> 45412 | B11: =IFERROR(('Raw Prices'!B12/'Raw Prices'!B11)-1,"") -> 0.049855022 | C11: =IFERROR(('Raw Prices'!C12/'Raw Prices'!C11)-1,"") -> 0.052227472 | D11: =IFERROR(('Raw Prices'!D12/'Raw Prices'!D11)-1,"") -> -0.051734129 | E11: =IFERROR(('Raw Prices'!E12/'Raw Prices'!E11)-1,"") -> 0.0086066704 | F11: =IFERROR(('Raw Prices'!F12/'Raw Prices'!F11)-1,"") -> -0.015059332 | G11: =IFERROR(('Raw Prices'!G12/'Raw Prices'!G11)-1,"") -> 0.017037692 | H11: =IFERROR(('Raw Prices'!H12/'Raw Prices'!H11)-1,"") -> 0.01723375 | I11: =IFERROR(('Raw Prices'!I12/'Raw Prices'!I11)-1,"") | ... L11: =IFERROR(('Raw Prices'!L12/'Raw Prices'!L11)-1,"") -> 0.012449073
A12: ='Raw Prices'!A13 -> 45443 | B12: =IFERROR(('Raw Prices'!B13/'Raw Prices'!B12)-1,"") -> 0.021297938 | C12: =IFERROR(('Raw Prices'!C13/'Raw Prices'!C12)-1,"") -> -0.025516977 | D12: =IFERROR(('Raw Prices'!D13/'Raw Prices'!D12)-1,"") -> 0.010205485 | E12: =IFERROR(('Raw Prices'!E13/'Raw Prices'!E12)-1,"") -> -0.0439555 | F12: =IFERROR(('Raw Prices'!F13/'Raw Prices'!F12)-1,"") -> 0.044205507 | G12: =IFERROR(('Raw Prices'!G13/'Raw Prices'!G12)-1,"") -> -0.02112472 | H12: =IFERROR(('Raw Prices'!H13/'Raw Prices'!H12)-1,"") -> -0.0326276 | I12: =IFERROR(('Raw Prices'!I13/'Raw Prices'!I12)-1,"") | ... L12: =IFERROR(('Raw Prices'!L13/'Raw Prices'!L12)-1,"") -> -0.0032802868
A13: ='Raw Prices'!A14 -> 45473 | B13: =IFERROR(('Raw Prices'!B14/'Raw Prices'!B13)-1,"") -> 0.099412058 | C13: =IFERROR(('Raw Prices'!C14/'Raw Prices'!C13)-1,"") -> 0.070070857 | D13: =IFERROR(('Raw Prices'!D14/'Raw Prices'!D13)-1,"") -> 0.11362158 | E13: =IFERROR(('Raw Prices'!E14/'Raw Prices'!E13)-1,"") -> 0.11111444 | F13: =IFERROR(('Raw Prices'!F14/'Raw Prices'!F13)-1,"") -> 0.07217374 | G13: =IFERROR(('Raw Prices'!G14/'Raw Prices'!G13)-1,"") -> 0.014745849 | H13: =IFERROR(('Raw Prices'!H14/'Raw Prices'!H13)-1,"") -> -0.029473199 | I13: =IFERROR(('Raw Prices'!I14/'Raw Prices'!I13)-1,"") | ... L13: =IFERROR(('Raw Prices'!L14/'Raw Prices'!L13)-1,"") -> 0.065683731
... A33: ='Raw Prices'!A34 -> 46081 | B33: =IFERROR(('Raw Prices'!B34/'Raw Prices'!B33)-1,"") -> -0.04465448 | C33: =IFERROR(('Raw Prices'!C34/'Raw Prices'!C33)-1,"") -> 0.017638259 | D33: =IFERROR(('Raw Prices'!D34/'Raw Prices'!D33)-1,"") -> -0.20773981 | E33: =IFERROR(('Raw Prices'!E34/'Raw Prices'!E33)-1,"") -> -0.15566743 | F33: =IFERROR(('Raw Prices'!F34/'Raw Prices'!F33)-1,"") -> -0.014707698 | G33: =IFERROR(('Raw Prices'!G34/'Raw Prices'!G33)-1,"") -> -0.0061529446 | H33: =IFERROR(('Raw Prices'!H34/'Raw Prices'!H33)-1,"") -> 0.01767212 | I33: =IFERROR(('Raw Prices'!I34/'Raw Prices'!I33)-1,"") | ... L33: =IFERROR(('Raw Prices'!L34/'Raw Prices'!L33)-1,"") -> -0.0056080708

Sheet Stats
A1: Stock | B1: Ticker | C1: Avg Monthly Return | D1: Monthly Std Dev (Volatility)
A2: HDFC Bank | B2: HDFCBANK.NS | C2: =IFERROR(AVERAGE('Monthly Returns'!B2:B33),"") -> 0.0034662688 | D2: =IFERROR(_xlfn.STDEV.S('Monthly Returns'!B2:B33),"") -> 0.051160653
A3: ICICI Bank | B3: ICICIBANK.NS | C3: =IFERROR(AVERAGE('Monthly Returns'!C2:C33),"") -> 0.013709723 | D3: =IFERROR(_xlfn.STDEV.S('Monthly Returns'!C2:C33),"") -> 0.038698089
A4: Infosys | B4: INFY.NS | C4: =IFERROR(AVERAGE('Monthly Returns'!D2:D33),"") -> 0.0040918129 | D4: =IFERROR(_xlfn.STDEV.S('Monthly Returns'!D2:D33),"") -> 0.073086686
A5: TCS | B5: TCS.NS | C5: =IFERROR(AVERAGE('Monthly Returns'!E2:E33),"") -> -0.0020436039 | D5: =IFERROR(_xlfn.STDEV.S('Monthly Returns'!E2:E33),"") -> 0.071959396
A6: Hindustan Unilever | B6: HINDUNILVR.NS | C6: =IFERROR(AVERAGE('Monthly Returns'!F2:F33),"") -> -0.00072857986 | D6: =IFERROR(_xlfn.STDEV.S('Monthly Returns'!F2:F33),"") -> 0.064527077
A7: ITC | B7: ITC.NS | C7: =IFERROR(AVERAGE('Monthly Returns'!G2:G33),"") -> -0.005639769 | D7: =IFERROR(_xlfn.STDEV.S('Monthly Returns'!G2:G33),"") -> 0.059846653
A8: Maruti Suzuki | B8: MARUTI.NS | C8: =IFERROR(AVERAGE('Monthly Returns'!H2:H33),"") -> 0.016414157 | D8: =IFERROR(_xlfn.STDEV.S('Monthly Returns'!H2:H33),"") -> 0.069985252
A9: Tata Motors (TMPV) | B9: TMPV.NS | C9: =IFERROR(AVERAGE('Monthly Returns'!I2:I33),"") | D9: =IFERROR(_xlfn.STDEV.S('Monthly Returns'!I2:I33),"")
A10: Sun Pharma | B10: SUNPHARMA.NS | C10: =IFERROR(AVERAGE('Monthly Returns'!J2:J33),"") -> 0.019060789 | D10: =IFERROR(_xlfn.STDEV.S('Monthly Returns'!J2:J33),"") -> 0.070375285
A11: Reliance Industries | B11: RELIANCE.NS | C11: =IFERROR(AVERAGE('Monthly Returns'!K2:K33),"") -> 0.007305203 | D11: =IFERROR(_xlfn.STDEV.S('Monthly Returns'!K2:K33),"") -> 0.058698606
A12: Nifty 50 (Benchmark) | B12: ^NSEI | C12: =IFERROR(AVERAGE('Monthly Returns'!L2:L33),"") -> 0.0090712691 | D12: =IFERROR(_xlfn.STDEV.S('Monthly Returns'!L2:L33),"") -> 0.033688634

Sheet Covariance Matrix
B1: HDFCBANK.NS | C1: ICICIBANK.NS | D1: INFY.NS | E1: TCS.NS | F1: HINDUNILVR.NS | G1: ITC.NS | H1: MARUTI.NS | I1: TMPV.NS | J1: SUNPHARMA.NS | K1: RELIANCE.NS
A2: HDFCBANK.NS | B2: =IFERROR(_xlfn.COVARIANCE.S('Monthly Returns'!B2:B33,'Monthly Returns'!B2:B33),"") -> 0.0026174124 | C2: =IFERROR(_xlfn.COVARIANCE.S('Monthly Returns'!B2:B33,'Monthly Returns'!C2:C33),"") -> 0.00086784871 | D2: =IFERROR(_xlfn.COVARIANCE.S('Monthly Returns'!B2:B33,'Monthly Returns'!D2:D33),"") -> -6.2124723e-05 | E2: =IFERROR(_xlfn.COVARIANCE.S('Monthly Returns'!B2:B33,'Monthly Returns'!E2:E33),"") -> 0.0007960408 | F2: =IFERROR(_xlfn.COVARIANCE.S('Monthly Returns'!B2:B33,'Monthly Returns'!F2:F33),"") -> 0.00056809186 | G2: =IFERROR(_xlfn.COVARIANCE.S('Monthly Returns'!B2:B33,'Monthly Returns'!G2:G33),"") -> 0.0011143292 | H2: =IFERROR(_xlfn.COVARIANCE.S('Monthly Returns'!B2:B33,'Monthly Returns'!H2:H33),"") -> -0.00054427126 | I2: =IFERROR(_xlfn.COVARIANCE.S('Monthly Returns'!B2:B33,'Monthly Returns'!I2:I33),"") | J2: =IFERROR(_xlfn.COVARIANCE.S('Monthly Returns'!B2:B33,'Monthly Returns'!J2:J33),"") -> -3.0450171e-05 | K2: =IFERROR(_xlfn.COVARIANCE.S('Monthly Returns'!B2:B33,'Monthly Returns'!K2:K33),"") -> 0.00078944761
A3: ICICIBANK.NS | B3: =IFERROR(_xlfn.COVARIANCE.S('Monthly Returns'!C2:C33,'Monthly Returns'!B2:B33),"") -> 0.00086784871 | C3: =IFERROR(_xlfn.COVARIANCE.S('Monthly Returns'!C2:C33,'Monthly Returns'!C2:C33),"") -> 0.0014975421 | D3: =IFERROR(_xlfn.COVARIANCE.S('Monthly Returns'!C2:C33,'Monthly Returns'!D2:D33),"") -> 6.3401048e-06 | E3: =IFERROR(_xlfn.COVARIANCE.S('Monthly Returns'!C2:C33,'Monthly Returns'!E2:E33),"") -> 0.00045417844 | F3: =IFERROR(_xlfn.COVARIANCE.S('Monthly Returns'!C2:C33,'Monthly Returns'!F2:F33),"") -> 0.00044312925 | G3: =IFERROR(_xlfn.COVARIANCE.S('Monthly Returns'!C2:C33,'Monthly Returns'!G2:G33),"") -> 0.00081319296 | H3: =IFERROR(_xlfn.COVARIANCE.S('Monthly Returns'!C2:C33,'Monthly Returns'!H2:H33),"") -> -0.00062151183 | I3: =IFERROR(_xlfn.COVARIANCE.S('Monthly Returns'!C2:C33,'Monthly Returns'!I2:I33),"") | J3: =IFERROR(_xlfn.COVARIANCE.S('Monthly Returns'!C2:C33,'Monthly Returns'!J2:J33),"") -> 0.0013962786 | K3: =IFERROR(_xlfn.COVARIANCE.S('Monthly Returns'!C2:C33,'Monthly Returns'!K2:K33),"") -> 0.001132692
A4: INFY.NS | B4: =IFERROR(_xlfn.COVARIANCE.S('Monthly Returns'!D2:D33,'Monthly Returns'!B2:B33),"") -> -6.2124723e-05 | C4: =IFERROR(_xlfn.COVARIANCE.S('Monthly Returns'!D2:D33,'Monthly Returns'!C2:C33),"") -> 6.3401048e-06 | D4: =IFERROR(_xlfn.COVARIANCE.S('Monthly Returns'!D2:D33,'Monthly Returns'!D2:D33),"") -> 0.0053416637 | E4: =IFERROR(_xlfn.COVARIANCE.S('Monthly Returns'!D2:D33,'Monthly Returns'!E2:E33),"") -> 0.0031338719 | F4: =IFERROR(_xlfn.COVARIANCE.S('Monthly Returns'!D2:D33,'Monthly Returns'!F2:F33),"") -> 0.0012317985 | G4: =IFERROR(_xlfn.COVARIANCE.S('Monthly Returns'!D2:D33,'Monthly Returns'!G2:G33),"") -> 0.0010705793 | H4: =IFERROR(_xlfn.COVARIANCE.S('Monthly Returns'!D2:D33,'Monthly Returns'!H2:H33),"") -> -0.000137327 | I4: =IFERROR(_xlfn.COVARIANCE.S('Monthly Returns'!D2:D33,'Monthly Returns'!I2:I33),"") | J4: =IFERROR(_xlfn.COVARIANCE.S('Monthly Returns'!D2:D33,'Monthly Returns'!J2:J33),"") -> 0.00099356774 | K4: =IFERROR(_xlfn.COVARIANCE.S('Monthly Returns'!D2:D33,'Monthly Returns'!K2:K33),"") -> 0.00090070117
A5: TCS.NS | B5: =IFERROR(_xlfn.COVARIANCE.S('Monthly Returns'!E2:E33,'Monthly Returns'!B2:B33),"") -> 0.0007960408 | C5: =IFERROR(_xlfn.COVARIANCE.S('Monthly Returns'!E2:E33,'Monthly Returns'!C2:C33),"") -> 0.00045417844 | D5: =IFERROR(_xlfn.COVARIANCE.S('Monthly Returns'!E2:E33,'Monthly Returns'!D2:D33),"") -> 0.0031338719 | E5: =IFERROR(_xlfn.COVARIANCE.S('Monthly Returns'!E2:E33,'Monthly Returns'!E2:E33),"") -> 0.0051781547 | F5: =IFERROR(_xlfn.COVARIANCE.S('Monthly Returns'!E2:E33,'Monthly Returns'!F2:F33),"") -> 0.0002070451 | G5: =IFERROR(_xlfn.COVARIANCE.S('Monthly Returns'!E2:E33,'Monthly Returns'!G2:G33),"") -> 0.00082572349 | H5: =IFERROR(_xlfn.COVARIANCE.S('Monthly Returns'!E2:E33,'Monthly Returns'!H2:H33),"") -> -0.00031961802 | I5: =IFERROR(_xlfn.COVARIANCE.S('Monthly Returns'!E2:E33,'Monthly Returns'!I2:I33),"") | J5: =IFERROR(_xlfn.COVARIANCE.S('Monthly Returns'!E2:E33,'Monthly Returns'!J2:J33),"") -> 0.00093750239 | K5: =IFERROR(_xlfn.COVARIANCE.S('Monthly Returns'!E2:E33,'Monthly Returns'!K2:K33),"") -> 0.00090066266
A6: HINDUNILVR.NS | B6: =IFERROR(_xlfn.COVARIANCE.S('Monthly Returns'!F2:F33,'Monthly Returns'!B2:B33),"") -> 0.00056809186 | C6: =IFERROR(_xlfn.COVARIANCE.S('Monthly Returns'!F2:F33,'Monthly Returns'!C2:C33),"") -> 0.00044312925 | D6: =IFERROR(_xlfn.COVARIANCE.S('Monthly Returns'!F2:F33,'Monthly Returns'!D2:D33),"") -> 0.0012317985 | E6: =IFERROR(_xlfn.COVARIANCE.S('Monthly Returns'!F2:F33,'Monthly Returns'!E2:E33),"") -> 0.0002070451 | F6: =IFERROR(_xlfn.COVARIANCE.S('Monthly Returns'!F2:F33,'Monthly Returns'!F2:F33),"") -> 0.0041637437 | G6: =IFERROR(_xlfn.COVARIANCE.S('Monthly Returns'!F2:F33,'Monthly Returns'!G2:G33),"") -> 0.0011660113 | H6: =IFERROR(_xlfn.COVARIANCE.S('Monthly Returns'!F2:F33,'Monthly Returns'!H2:H33),"") -> 0.0014186931 | I6: =IFERROR(_xlfn.COVARIANCE.S('Monthly Returns'!F2:F33,'Monthly Returns'!I2:I33),"") | J6: =IFERROR(_xlfn.COVARIANCE.S('Monthly Returns'!F2:F33,'Monthly Returns'!J2:J33),"") -> 0.00041917857 | K6: =IFERROR(_xlfn.COVARIANCE.S('Monthly Returns'!F2:F33,'Monthly Returns'!K2:K33),"") -> 0.00040090043
A7: ITC.NS | B7: =IFERROR(_xlfn.COVARIANCE.S('Monthly Returns'!G2:G33,'Monthly Returns'!B2:B33),"") -> 0.0011143292 | C7: =IFERROR(_xlfn.COVARIANCE.S('Monthly Returns'!G2:G33,'Monthly Returns'!C2:C33),"") -> 0.00081319296 | D7: =IFERROR(_xlfn.COVARIANCE.S('Monthly Returns'!G2:G33,'Monthly Returns'!D2:D33),"") -> 0.0010705793 | E7: =IFERROR(_xlfn.COVARIANCE.S('Monthly Returns'!G2:G33,'Monthly Returns'!E2:E33),"") -> 0.00082572349 | F7: =IFERROR(_xlfn.COVARIANCE.S('Monthly Returns'!G2:G33,'Monthly Returns'!F2:F33),"") -> 0.0011660113 | G7: =IFERROR(_xlfn.COVARIANCE.S('Monthly Returns'!G2:G33,'Monthly Returns'!G2:G33),"") -> 0.0035816218 | H7: =IFERROR(_xlfn.COVARIANCE.S('Monthly Returns'!G2:G33,'Monthly Returns'!H2:H33),"") -> 0.0015937064 | I7: =IFERROR(_xlfn.COVARIANCE.S('Monthly Returns'!G2:G33,'Monthly Returns'!I2:I33),"") | J7: =IFERROR(_xlfn.COVARIANCE.S('Monthly Returns'!G2:G33,'Monthly Returns'!J2:J33),"") -> 0.0019985647 | K7: =IFERROR(_xlfn.COVARIANCE.S('Monthly Returns'!G2:G33,'Monthly Returns'!K2:K33),"") -> 0.0013986215
A8: MARUTI.NS | B8: =IFERROR(_xlfn.COVARIANCE.S('Monthly Returns'!H2:H33,'Monthly Returns'!B2:B33),"") -> -0.00054427126 | C8: =IFERROR(_xlfn.COVARIANCE.S('Monthly Returns'!H2:H33,'Monthly Returns'!C2:C33),"") -> -0.00062151183 | D8: =IFERROR(_xlfn.COVARIANCE.S('Monthly Returns'!H2:H33,'Monthly Returns'!D2:D33),"") -> -0.000137327 | E8: =IFERROR(_xlfn.COVARIANCE.S('Monthly Returns'!H2:H33,'Monthly Returns'!E2:E33),"") -> -0.00031961802 | F8: =IFERROR(_xlfn.COVARIANCE.S('Monthly Returns'!H2:H33,'Monthly Returns'!F2:F33),"") -> 0.0014186931 | G8: =IFERROR(_xlfn.COVARIANCE.S('Monthly Returns'!H2:H33,'Monthly Returns'!G2:G33),"") -> 0.0015937064 | H8: =IFERROR(_xlfn.COVARIANCE.S('Monthly Returns'!H2:H33,'Monthly Returns'!H2:H33),"") -> 0.0048979355 | I8: =IFERROR(_xlfn.COVARIANCE.S('Monthly Returns'!H2:H33,'Monthly Returns'!I2:I33),"") | J8: =IFERROR(_xlfn.COVARIANCE.S('Monthly Returns'!H2:H33,'Monthly Returns'!J2:J33),"") -> 0.0004551335 | K8: =IFERROR(_xlfn.COVARIANCE.S('Monthly Returns'!H2:H33,'Monthly Returns'!K2:K33),"") -> 0.00085625985
A9: TMPV.NS | B9: =IFERROR(_xlfn.COVARIANCE.S('Monthly Returns'!I2:I33,'Monthly Returns'!B2:B33),"") | C9: =IFERROR(_xlfn.COVARIANCE.S('Monthly Returns'!I2:I33,'Monthly Returns'!C2:C33),"") | D9: =IFERROR(_xlfn.COVARIANCE.S('Monthly Returns'!I2:I33,'Monthly Returns'!D2:D33),"") | E9: =IFERROR(_xlfn.COVARIANCE.S('Monthly Returns'!I2:I33,'Monthly Returns'!E2:E33),"") | F9: =IFERROR(_xlfn.COVARIANCE.S('Monthly Returns'!I2:I33,'Monthly Returns'!F2:F33),"") | G9: =IFERROR(_xlfn.COVARIANCE.S('Monthly Returns'!I2:I33,'Monthly Returns'!G2:G33),"") | H9: =IFERROR(_xlfn.COVARIANCE.S('Monthly Returns'!I2:I33,'Monthly Returns'!H2:H33),"") | I9: =IFERROR(_xlfn.COVARIANCE.S('Monthly Returns'!I2:I33,'Monthly Returns'!I2:I33),"") | J9: =IFERROR(_xlfn.COVARIANCE.S('Monthly Returns'!I2:I33,'Monthly Returns'!J2:J33),"") | K9: =IFERROR(_xlfn.COVARIANCE.S('Monthly Returns'!I2:I33,'Monthly Returns'!K2:K33),"")
A10: SUNPHARMA.NS | B10: =IFERROR(_xlfn.COVARIANCE.S('Monthly Returns'!J2:J33,'Monthly Returns'!B2:B33),"") -> -3.0450171e-05 | C10: =IFERROR(_xlfn.COVARIANCE.S('Monthly Returns'!J2:J33,'Monthly Returns'!C2:C33),"") -> 0.0013962786 | D10: =IFERROR(_xlfn.COVARIANCE.S('Monthly Returns'!J2:J33,'Monthly Returns'!D2:D33),"") -> 0.00099356774 | E10: =IFERROR(_xlfn.COVARIANCE.S('Monthly Returns'!J2:J33,'Monthly Returns'!E2:E33),"") -> 0.00093750239 | F10: =IFERROR(_xlfn.COVARIANCE.S('Monthly Returns'!J2:J33,'Monthly Returns'!F2:F33),"") -> 0.00041917857 | G10: =IFERROR(_xlfn.COVARIANCE.S('Monthly Returns'!J2:J33,'Monthly Returns'!G2:G33),"") -> 0.0019985647 | H10: =IFERROR(_xlfn.COVARIANCE.S('Monthly Returns'!J2:J33,'Monthly Returns'!H2:H33),"") -> 0.0004551335 | I10: =IFERROR(_xlfn.COVARIANCE.S('Monthly Returns'!J2:J33,'Monthly Returns'!I2:I33),"") | J10: =IFERROR(_xlfn.COVARIANCE.S('Monthly Returns'!J2:J33,'Monthly Returns'!J2:J33),"") -> 0.0049526807 | K10: =IFERROR(_xlfn.COVARIANCE.S('Monthly Returns'!J2:J33,'Monthly Returns'!K2:K33),"") -> 0.0018909769
A11: RELIANCE.NS | B11: =IFERROR(_xlfn.COVARIANCE.S('Monthly Returns'!K2:K33,'Monthly Returns'!B2:B33),"") -> 0.00078944761 | C11: =IFERROR(_xlfn.COVARIANCE.S('Monthly Returns'!K2:K33,'Monthly Returns'!C2:C33),"") -> 0.001132692 | D11: =IFERROR(_xlfn.COVARIANCE.S('Monthly Returns'!K2:K33,'Monthly Returns'!D2:D33),"") -> 0.00090070117 | E11: =IFERROR(_xlfn.COVARIANCE.S('Monthly Returns'!K2:K33,'Monthly Returns'!E2:E33),"") -> 0.00090066266 | F11: =IFERROR(_xlfn.COVARIANCE.S('Monthly Returns'!K2:K33,'Monthly Returns'!F2:F33),"") -> 0.00040090043 | G11: =IFERROR(_xlfn.COVARIANCE.S('Monthly Returns'!K2:K33,'Monthly Returns'!G2:G33),"") -> 0.0013986215 | H11: =IFERROR(_xlfn.COVARIANCE.S('Monthly Returns'!K2:K33,'Monthly Returns'!H2:H33),"") -> 0.00085625985 | I11: =IFERROR(_xlfn.COVARIANCE.S('Monthly Returns'!K2:K33,'Monthly Returns'!I2:I33),"") | J11: =IFERROR(_xlfn.COVARIANCE.S('Monthly Returns'!K2:K33,'Monthly Returns'!J2:J33),"") -> 0.0018909769 | K11: =IFERROR(_xlfn.COVARIANCE.S('Monthly Returns'!K2:K33,'Monthly Returns'!K2:K33),"") -> 0.0034455263

Sheet Optimization
B1: HDFCBANK.NS | C1: ICICIBANK.NS | D1: INFY.NS | E1: TCS.NS | F1: HINDUNILVR.NS | G1: ITC.NS | H1: MARUTI.NS | I1: TMPV.NS | J1: SUNPHARMA.NS | K1: RELIANCE.NS
A2: Portfolio Weight (Solver changes this row) | B2: 0.1 | C2: 0.1 | D2: 0.1 | E2: 0.1 | F2: 0.1 | G2: 0.1 | H2: 0.1 | I2: 0.1 | J2: 0.1 | K2: 0.1
A3: Sum of Weights (must equal 100%) | B3: =SUM(B2:K2) -> 1
A5: Weighted Covariance Contribution (helper row) | B5: =IFERROR(SUMPRODUCT(B2:K2,'Covariance Matrix'!B2:K2),"") -> 0.00061163244 | C5: =IFERROR(SUMPRODUCT(B2:K2,'Covariance Matrix'!B3:K3),"") -> 0.00059896903 | D5: =IFERROR(SUMPRODUCT(B2:K2,'Covariance Matrix'!B4:K4),"") -> 0.0012479071 | E5: =IFERROR(SUMPRODUCT(B2:K2,'Covariance Matrix'!B5:K5),"") -> 0.0012113561 | F5: =IFERROR(SUMPRODUCT(B2:K2,'Covariance Matrix'!B6:K6),"") -> 0.0010018592 | G5: =IFERROR(SUMPRODUCT(B2:K2,'Covariance Matrix'!B7:K7),"") -> 0.0013562351 | H5: =IFERROR(SUMPRODUCT(B2:K2,'Covariance Matrix'!B8:K8),"") -> 0.00075990002 | I5: =IFERROR(SUMPRODUCT(B2:K2,'Covariance Matrix'!B9:K9),"") -> 0 | J5: =IFERROR(SUMPRODUCT(B2:K2,'Covariance Matrix'!B10:K10),"") -> 0.0013013433 | K5: =IFERROR(SUMPRODUCT(B2:K2,'Covariance Matrix'!B11:K11),"") -> 0.0011715788
A7: Portfolio Variance <-- SOLVER OBJECTIVE (minimize) | B7: =IFERROR(SUMPRODUCT(B2:K2,B5:K5),"") -> 0.00092607811
A8: Portfolio Std Dev | B8: =IFERROR(SQRT(B7),"") -> 0.030431531
A9: Expected Portfolio Return (monthly) | B9: =IFERROR(SUMPRODUCT(TRANSPOSE(B2:K2),Stats!C2:C11),"") -> 0.0055636
A13: HOW TO SET UP SOLVER (Data tab -> Solver)
A14: Objective: Set Cell = B7 (Portfolio Variance) -> To: Min
A15: By Changing Variable Cells: B2:K2
A16: Constraints: SUM(B2:K2)=1 ; B2:K2 >= 0 ; optional B2:K2 <= 0.25
A17: Solving Method: GRG Nonlinear

Sheet Rebalancing Weights (Phase 4)
A1: Month (9-stock REAL demo; Tata Motors/TMPV column waits for data + Solver) | B1: HDFCBANK | C1: ICICIBANK | D1: INFY | E1: TCS | F1: HINDUNILVR | G1: ITC | H1: MARUTI | I1: TMPV | J1: SUNPHARMA | K1: RELIANCE
A2: 2024-01 | B2: 3.469447e-18 | C2: 0.054487894 | D2: 3.8163916e-17 | E2: 0 | F2: 0.32266039 | G2: 0.013998791 | H2: 0.50800891 | J2: 5.2041704e-18 | K2: 0.10084402
A3: 2024-02 | B3: 2.4665599e-18 | C3: 0.086403901 | D3: 0.17014999 | E3: 0 | F3: 0.21607835 | G3: 0.079818103 | H3: 0.41942536 | J3: 0 | K3: 0.028124295
A4: 2024-03 | B4: 1.5449881e-18 | C4: 0.092561563 | D4: 0.1694759 | E4: 0.036533733 | F4: 0.20514355 | G4: 0.1059116 | H4: 0.35231137 | J4: 0 | K4: 0.038062287
A5: 2024-04 | B5: 0 | C5: 0.096251436 | D5: 0.17123908 | E5: 0.037152579 | F5: 0.2012434 | G5: 0.1131113 | H5: 0.32133233 | J5: 0 | K5: 0.05966987
A6: 2024-05 | B6: 0 | C6: 0.11814517 | D6: 0.14354794 | E6: 0.025134032 | F6: 0.19986975 | G6: 0.1205148 | H6: 0.35307427 | J6: 5.9089018e-18 | K6: 0.039714033
A7: 2024-06 | B7: 0 | C7: 0.09842763 | D7: 0.17347216 | E7: 0 | F7: 0.25830475 | G7: 0.10957843 | H7: 0.33187406 | J7: 0 | K7: 0.028342971
A8: 2024-07 | B8: 0 | C8: 0.08460974 | D8: 0.16322107 | E8: 1.2763092e-17 | F8: 0.24242656 | G8: 0.14393261 | H8: 0.342405 | J8: 0 | K8: 0.023405024
A9: 2024-08 | B9: 0.099984457 | C9: 0.1666446 | D9: 0.046393601 | E9: 0.020624556 | F9: 0.15363497 | G9: 1.9624059e-17 | H9: 0.34363398 | J9: 1.5937772e-17 | K9: 0.16908383
A10: 2024-09 | B10: 0.10179515 | C10: 0.17037181 | D10: 0.047389579 | E10: 0.012455151 | F10: 0.16731624 | G10: 0 | H10: 0.33058883 | J10: 0 | K10: 0.17008325
A11: 2024-10 | B11: 0.080705017 | C11: 0.17178994 | D11: 0.061835707 | E11: 0.0056155018 | F11: 0.15831086 | G11: 0 | H11: 0.31621695 | J11: 0 | K11: 0.20552603
A12: 2024-11 | B12: 0.17592457 | C12: 0.4725273 | D12: 0.16328116 | E12: 0 | F12: 0 | G12: 1.6471874e-17 | H12: 0.18826697 | J12: 2.181211e-18 | K12: 0
A13: 2024-12 | B13: 0.21090611 | C13: 0.36764476 | D13: 0.13857991 | E13: 0 | F13: 1.5612511e-17 | G13: 0 | H13: 0.18199107 | J13: 0.015704962 | K13: 0.085173188
... A27: 2026-02 | B27: 0.26201989 | C27: 0.32945518 | D27: 0.14895504 | E27: 0.048461943 | F27: 0 | G27: 6.3795056e-18 | H27: 0.21110794 | J27: 0 | K27: 0

Sheet Backtest (Phase 5)
A1: Month | B1: Optimized (9-stock, real) | C1: Naive Equal-Weight (9-stock) | D1: Nifty 50 (Real Benchmark)
A2: 2024-01 | B2: 98.378468 | C2: 101.14047 | D2: 99.973765
A3: 2024-02 | B3: 102.12618 | C3: 103.06051 | D3: 101.15685
A4: 2024-03 | B4: 104.04135 | C4: 103.84676 | D4: 102.74027
A5: 2024-04 | B5: 104.05851 | C5: 103.75886 | D5: 104.0193
A6: 2024-05 | B6: 103.13492 | C6: 102.59879 | D6: 103.67808
A7: 2024-06 | B7: 107.23549 | C7: 109.30038 | D7: 110.48805
A8: 2024-07 | B8: 118.93053 | C8: 117.50277 | D8: 114.81612
A9: 2024-08 | B9: 118.45851 | C9: 119.18868 | D9: 116.12643
A10: 2024-09 | B10: 123.25688 | C10: 123.45766 | D10: 118.77214
A11: 2024-10 | B11: 111.42782 | C11: 114.27853 | D11: 111.38421
A12: 2024-11 | B12: 113.46686 | C12: 114.02029 | D12: 111.04254
A13: 2024-12 | B13: 111.88212 | C13: 113.44265 | D13: 108.80477
... A27: 2026-02 | B27: 119.43399 | C27: 108.65202 | D27: 115.86299

Sheet Performance Metrics (Phase 6)
A1: Metric | B1: Optimized (9-stock, real) | C1: Naive Equal-Weight (9-stock) | D1: Nifty 50 (Real Benchmark)
A2: CAGR (annualized) | B2: 0.085419211 | C2: 0.039041351 | D2: 0.070318308
A3: Annualized Volatility | B3: 0.1323296 | C3: 0.11675242 | D3: 0.10902803
A4: Sharpe Ratio (rf=6.5% p.a.) | B4: 0.20797811 | C4: -0.15590796 | D4: 0.098354716
A5: Max Drawdown | B5: -0.12246873 | C5: -0.140911 | D5: -0.14281399
A7: NOTE: Uses the 9 stocks with real data over 26 real rebalancing months (after 6-month lookback). Add Tata Motors (TMPV.NS) and re-run Solver for the final 10-stock result.
